<?xml version="1.0" encoding="UTF-8"?>

<!-- For assistance related to logback-translator or configuration -->
<!-- files in general, please contact the logback user mailing list -->
<!-- at http://www.qos.ch/mailman/listinfo/logback-user -->
<!-- -->
<!-- For professional support please see -->
<!-- http://www.qos.ch/shop/products/professionalSupport -->
<!-- -->
<configuration>
    <property name="patternValue"
              value="%d{yyyy-MM-dd HH:mm:ss} [%t|%X{MDC.TraceId}] [%-5p] \\(%C{16},%L\\) - %m%n"/>

    <property name="rpcPatternValue"
              value="%d{yyyy-MM-dd HH:mm:ss} [%t|%X{MDC.TraceId}] [%-5p] \\(%C{16}\\) - %m%n"/>

    <appender name="console" class="ch.qos.logback.core.ConsoleAppender">
        <encoder>
            <pattern>${patternValue}</pattern>
        </encoder>
    </appender>

    <!-- Root Logger -->
    <root level="info">
        <appender-ref ref="console"/>
    </root>

</configuration>

